Username,Repo
Aanchal512,instant
abhayraina74,InstaBot
abhinavrawat77,instabot
gaur-abhishek,InstaBot
abhishekkumar95544,instabot
frostwolf11,InstaBot
AkashdeepSaini,Instabot
096Akhilesh,instabot
Akshitarora15,instabot
akshit5595,InstaBot
Annu3,instabot
Annu3,instabot
ArpitSondh95,InstaBot
bdubey12,instabot12
gauravsaini964,python
Himanshubesoya,instaBot
jatin8010,Insta_Bot
kunalgoswami,instabot
Mahak28,Instabot
mayankbaweja,InstaBot
C-Mayank,Instabot-Project
Mayurgupta3,Instabot
mehulbiswas,instabot
Shadanfcb,instabott
mohitmehndiratta1,instabottt
nikbatheja,instabot
nirajyadav04,instabot
nehajayant,instabot
pankhurisi,InstaBot
parasmriu,Insta-Bot
prachilepcha,projectinstabot
@walia95,InstaBot
Pramod37,instabot
imprateekgulati,Instabot
prince8800,instabot_prince
Priyanshiii,instabot
rahulbhagotia97,instabot786
Rajatsharma2405,bigcompany
ramanbidhuri,instabot
Ramankalra01,instabot
Rishabh3993,Instabot
Saksham25,instaBot
sakshikhattar,instabot
Shakti33,instaBot
shefali1310,InstaBot
shruti9619,InstaBot
snehabhuyan,instabot1
Sneha-singh0308,instabot
Srikirtiraj,instaBot
SrishtiChauhanS,instabot_srishti
uditk14,instaBot
vaibhavmehra15,instagramBot
vaibhavmehra15,instagramBot
damnflyer007,Insta_Bot
vik7am,insta_bot
Vivek kumar,my-instabot
Vivek-199,insta_bot
yuvrajsingh123,Instabot_project_python
krishan-bhadana,InstaBot
SrishtiChauhanS,srishti_instabot
C-Mayank,Instabot
vmlkshk7,instabot
